algo,n,mean,std,trials,mismatches
D&C O(n log n),100,0.0002368599991314113,1.2518639453300035e-05,10,0
D&C O(n log n),10200,0.056855390011332926,0.01631594770412787,10,0
D&C O(n log n),20300,0.11450034999870695,0.012885621254991713,10,0
