algo,n,mean,std,trials,mismatches
Brute O(n^2),100,0.0008646600181236863,8.492178433881011e-05,10,0
Brute O(n^2),10200,8.931841589993564,0.22990100172453515,10,0
Brute O(n^2),20300,37.10654165999149,1.479246964715505,10,0
