algo,n,mean,std,trials,mismatches
D&C O(n log n),100,0.00030052000074647366,7.064956276464692e-06,10,0
D&C O(n log n),10200,0.05959972000055132,0.000815452977362305,10,0
D&C O(n log n),20300,0.13708061999968776,0.007396669965506842,10,0
