algo,n,mean,std,trials,mismatches
Brute O(n^2),100,0.0010423999996419298,5.557517022981867e-06,10,0
Brute O(n^2),10200,10.973634480000692,0.02054141675474329,10,0
Brute O(n^2),20300,43.485560979999356,0.20378295263686946,10,0
