algo,n,mean,std,trials,mismatches
D&C O(n log n),100,0.0001972605001355987,3.2384943333074853e-06,10,0
D&C O(n log n),10200,0.04113682110018999,0.0065591751809347155,10,0
D&C O(n log n),20300,0.09660684330010554,0.020806191902362527,10,0
