algo,n,mean,std,trials,mismatches
D&C O(n log n),10,1.4596199434890877e-05,8.44445456708444e-07,10,0
D&C O(n log n),507,0.0013656318997163908,1.2344471052236455e-05,10,0
D&C O(n log n),1005,0.0029418159003398612,1.5013631690863897e-05,10,0
D&C O(n log n),1502,0.004275945700101147,4.4090732931538885e-05,10,0
D&C O(n log n),2000,0.006426337999982934,6.077420763434856e-05,10,0
