algo,n,mean,std,trials,mismatches
Brute O(n^2),100,0.0006879309999931138,4.46428570119495e-06,10,0
Brute O(n^2),10200,7.516355236900381,0.11047489333349256,10,0
