algoritmo,n,mean,std,trials,mismatches
,100,0.0010645399990607985,2.6891196321256314e-05,10,0
