algo,n,mean,std,trials,mismatches
Brute O(n^2),100,0.0010420100014016497,9.856820727243544e-06,10,0
Brute O(n^2),10200,11.43486011000059,0.09125021532610282,10,0
Brute O(n^2),20300,45.257296890000724,0.3018896846899042,10,0
