algoritmo,n,mean,std,trials,mismatches
,100,0.0003035399997315835,7.8670442342063e-06,10,0
,10200,0.0707976099998632,0.007402338282137327,10,0
,20300,0.1747477399992931,0.025741806896220982,10,0
