algo,n,mean,std,trials,mismatches
D&C O(n log n),10,1.5853700097068214e-05,8.683060906924575e-07,10,0
D&C O(n log n),507,0.0013881760996810044,1.540253820094168e-05,10,0
D&C O(n log n),1005,0.002974883699789643,1.656518772131399e-05,10,0
D&C O(n log n),1502,0.004248080900106288,3.37796653913052e-05,10,0
D&C O(n log n),2000,0.006425935199877131,4.7068042362251555e-05,10,0
