algo,n,mean,std,trials,mismatches
D&C O(n log n),100,0.00030365000056917777,5.791587821654204e-06,10,0
D&C O(n log n),10200,0.064325029997417,0.0035709316180738363,10,0
D&C O(n log n),20300,0.14625841999950354,0.01113061233860815,10,0
