algo,n,mean,std,trials,mismatches
Brute O(n^2),10,8.73339995450806e-06,6.0981094190158e-07,10,0
Brute O(n^2),507,0.018890754200219816,0.0002645093953795197,10,0
Brute O(n^2),1005,0.07422758279990375,0.001052341537547976,10,0
Brute O(n^2),1502,0.16731066380052653,0.0016417966631238274,10,0
Brute O(n^2),2000,0.29491948400009277,0.007049917111375219,10,0
